"name","price_amount"
"1 Mainstream",""
"1000 Markets",""
"1000memories",""
"100Plus",""
"1010data","$500,000,000.00"
"yelster digital gmbh (former 123people)",""
"12Society",""
"13th Lab",""
"170 Systems","$43,000,000.00"
"1CLICK",""
"1DocWay",""
"1DocWay",""
"280 North","$20,000,000.00"
"280 North","$20,000,000.00"
"29West",""
"2lemetry",""
"2nd Story Software, Inc.","$287,500,000.00"
"2Web Technologies",""
"2Wire","$475,000,000.00"
"3 day Blinds",""
"360Commerce",""
"360T","$796,000,000.00"
"XDN/3Crowd Technologies",""
"3DC",""
"Nimble VR",""
"3Leaf",""
"3LM",""
"3PAR","$2,350,000,000.00"
"3TIER","$14,700,000.00"
"3V Transaction Services","$14,500,000.00"
"3ware","$150,000,000.00"
"41st Parameter","$324,000,000.00"
"42Networks",""
"5Rocks",""
"4DK Technologies",""
"4Home",""
"4meee","$5,000,000.00"
"500Friends",""
"56.com","$80,000,000.00"
"5by",""
"5min Media","$65,000,000.00"
"5th Finger",""
"5to1","$30,000,000.00"
"60mo",""
"640 Labs",""
"6N Silicon",""
"6th Sense Analytics",""
"6Wunderkinder / Wunderlist",""
"7digital",""
"91 Wireless","$1,900,000,000.00"
"99Bill",""
"9Cookies",""
"9SLIDES",""
"A-Life Medical",""
"A+ Network",""
"A4Vision",""
"Aardvark","$50,000,000.00"
"Aarohi communication",""
"Abacast",""
"Abaxia","$13,000,000.00"
"AbbeyPost",""
"AbeBooks",""
"Ablation Frontiers",""
"Web Reservations International","$458,000,000.00"
"A Break Please",""
"AbZorba Games",""
"Academic Earth",""
"Academy123",""
"AcceleCare Wound Centers",""
"Accenx Technologies",""
"Accept Software",""
"Accertify","$150,000,000.00"
"Access Closure","$320,000,000.00"
"Access Northeast",""
"Access Scientific",""
"Inherited Health",""
"Acclaim Games",""
"Acclarent","$785,000,000.00"
"Acclaris Holdings","$140,000,000.00"
"Accordent Technologies",""
"Accumetrics",""
"Accupost Corporation",""
"Accuvant","$225,000,000.00"
"Aceva Technologies",""
"Achievers",""
"Aciex Therapeutics","$120,000,000.00"
"Blackwave",""
"Acirro",""
"Acision","$210,000,000.00"
"Acme Packet","$2,100,000,000.00"
"Acompli","$200,000,000.00"
"Acopia Networks","$210,000,000.00"
"Acoustic Technologies",""
"Acquaintable",""
"Acta technology",""
"Actacell",""
"Acteavo",""
"Actimis Pharmaceuticals","$515,000,000.00"
"Actimize",""
"Action Engine",""
"Activaero","$130,000,000.00"
"Active Junky",""
"Active Voice Corporation",""
"ACTIVE Network",""
"ActivIdentity",""
"ActiViews",""
"Activiomics","$4,000,000.00"
"Actix","$120,000,000.00"
"ActoGeniX","$60,000,000.00"
"Acton Pharmaceuticals","$135,000,000.00"
"Actona Technologies","$82,000,000.00"
"ActSocial",""
"Acuity Pharmaceuticals",""
"Ad Infuse",""
"Adisn","$5,500,000.00"
"Ad2games",""
"Adallom","$320,000,000.00"
"Adap.tv, now a part of ONE by AOL","$405,000,000.00"
"Adapt Technologies",""
"AdaptiveBlue",""
"Adaptiv.io",""
"Adaptivity",""
"ADAPTIX","$160,000,000.00"
"Adaytum",""
"adBrite",""
"ADCentricity",""
"Adchemy",""
"AdChina",""
"Adcole Corporation",""
"Adconion Media Group","$235,000,000.00"
"Adea","$39,000,000.00"
"Adea",""
"AdECN",""
"Adenyo","$100,000,000.00"
"Adept Cloud",""
"AdGrok","$10,000,000.00"
"Adheron Therapeutics","$580,000,000.00"
"ADI Engineering",""
"Adiana","$215,000,000.00"
"Adify","$300,000,000.00"
"Adility",""
"Adjug",""
"Adku",""
"Admatic",""
"Admeld","$400,000,000.00"
"ADMETA",""
"AdMob","$750,000,000.00"
"AdMobius",""
"Adnexus","$415,000,000.00"
"Adometry By Google",""
"Adomo",""
"ADOR",""
"AdoTube",""
"AdQuantic",""
"adQuota",""
"AdReady",""
"adSage","$100,000,000.00"
"AdStack",""
"Adtuitive",""
"Aductions","$3,500,000.00"
"Adura Technologies",""
"Advanced Analogic Technologies","$262,500,000.00"
"Advanced BioHealing","$750,000,000.00"
"Advanced Data Exchange",""
"Advanced Digital Design",""
"Advanced In Vitro Cell Technologies","$3,340,000.00"
"Advanced Liquid Logic","$96,000,000.00"
"Advanced Mobile Solutions","$2,500,000.00"
"ART Advanced Recognition Technologies",""
"AdvanDx",""
"Advasense",""
"Advent Solar",""
"Adventure Central",""
"Adviva",""
"AdWhirl",""
"AdXpose","$22,000,000.00"
"AEA Technology",""
"Aegis Analytical Corp.",""
"Aegis Lightwave",""
"AEP Networks","$57,500,000.00"
"Aepona","$80,000,000.00"
"AeroScout","$238,800,000.00"
"Aesica Pharmaceuticals","$374,000,000.00"
"Aesthera Corporation","$5,250,000.00"
"Affinity",""
"Affinity Labs","$61,000,000.00"
"Affinium Pharmaceuticals",""
"Affinnova",""
"Affordable Interior Systems",""
"AfterNic",""
"AGEIA Technologies",""
"Agencourt Bioscience","$150,000,000.00"
"Agencyport Software",""
"Aggregate Knowledge","$119,000,000.00"
"AgileZen",""
"Agility Communications",""
"Agilys",""
"Agistics",""
"Agito Networks","$11,400,000.00"
"agnion Energy",""
"AgraQuest","$425,000,000.00"
"Aha Mobile",""
"AHP Billing Services",""
"Ahura Scientific","$145,000,000.00"
"Aicent",""
"Aicent","$290,000,000.00"
"PostRank",""
"aiHit",""
"Air2Web","$19,000,000.00"
"Airborne Mobile",""
"AirClic","$29,700,000.00"
"AirDefense",""
"Aires Pharmaceuticals","$5,200,000.00"
"Airespace","$450,000,000.00"
"AirMagnet",""
"AirPatrol Corporation","$30,000,000.00"
"Airpost.io",""
"AirWatch","$1,540,000,000.00"
"Airwide Solutions",""
"AisleBuyer",""
"aitainment",""
"Ajubeo",""
"Akamon Entertainment","$23,900,000.00"
"Akamon Entertainment","$25,000,000.00"
"AkaRx","$255,000,000.00"
"Akimbi Systems",""
"Akimbo Financial","$3,000,000.00"
"Akorri Networks","$60,000,000.00"
"Akrion",""
"Akros Silicon",""
"Aktino",""
"Alantos Pharmaceuticals",""
"Alaric Systems","$84,000,000.00"
"Albeo Technologies",""
"AlchemyAPI",""
"Aldagen",""
"ALENTY",""
"Alere","$600,000,000.00"
"alfabet",""
"Algonomics",""
"Algorithmics",""
"Algorithmics",""
"Alignent Software","$5,500,000.00"
"alike",""
"Alios BioPharma","$1,750,000,000.00"
"Alkermes",""
"All Web Leads",""
"Allclasses",""
"Allegiance (now MaritzCX)",""
"Allegro Development Corporation","$40,000,000.00"
"Allegro Diagnostics","$21,000,000.00"
"ALLO Communications","$46,250,000.00"
"Alloy Digital",""
"Allurent",""
"Allworx","$25,000,000.00"
"Allylix",""
"Alnara Pharmaceuticals",""
"Aloqa",""
"AlphaDraft",""
"Alphamosaic",""
"Alta Devices",""
"AlterPoint",""
"Althea Technologies",""
"Altitun",""
"Altius Education",""
"Altocom",""
"Altor Networks","$95,000,000.00"
"Altruik",""
"8thBridge",""
"Alverix","$40,000,000.00"
"Alvesta",""
"Always Prepped",""
"AM Analytics",""
"Amalfi Semiconductor",""
"Amaxa Biosystems",""
"Amber Networks","$421,000,000.00"
"AmberPoint",""
"Ambit Biosciences","$410,000,000.00"
"Ambric",""
"Amcom Software","$163,300,000.00"
"AMEE",""
"Amen.",""
"American Fiber Systems",""
"AmeriVault",""
"amiando","$13,700,000.00"
"Amiato",""
"Amicas",""
"Amie Street",""
"Amira Pharmaceuticals","$325,000,000.00"
"Amitive",""
"Amobee","$321,000,000.00"
"Amorcyte",""
"Amorelie",""
"Amperex Technology",""
"Amphora Discovery",""
"Amplidata",""
"Amplimmune","$500,000,000.00"
"AmSafe",""
"AmWINS Group",""
"AMX","$365,000,000.00"
"AnaCatum",""
"Anacomp",""
"Anafocus","$34,200,000.00"
"Anametrix",""
"Anchor Bay Technologies",""
"Andera","$44,500,000.00"
"AndersonBrecon","$308,000,000.00"
"ANDevices",""
"Andiamo Systems",""
"Anesthetix Holdings",""
"AngioScore","$230,000,000.00"
"Angstro",""
"Annovation BioPharma",""
"Anobit Technologies",""
"Anodyne Health","$30,000,000.00"
"Anomalous Networks",""
"Ansible","$150,000,000.00"
"Ansira","$50,000,000.00"
"Answerology",""
"Answers Corporation",""
"Answers Corporation",""
"AntCor",""
"Antenna Software",""
"AnySource Media","$15,000,000.00"
"Anystream",""
"Anywhere.FM",""
"AOL","$4,400,000,000.00"
"Aorato","$200,000,000.00"
"AorTx","$9,300,000.00"
"Apache Design Solutions","$310,000,000.00"
"ApeniMED",""
"Aperio Technologies",""
"Apertio","$140,000,000.00"
"Aperto Networks",""
"API Cryptek",""
"Apiphany",""
"Aplica",""
"AppArchitect",""
"AppAssure Software",""
"AppCentral, Inc.",""
"Appetas",""
"Appfluent Technology","$18,000,000.00"
"AppGate Network Security","$3,560,000.00"
"AppHero",""
"Appia","$100,000,000.00"
"Appifier",""
"Appilog","$49,000,000.00"
"Appinions",""
"AppIQ",""
"Appiterate",""
"Appium Technologies",""
"AppJet",""
"AppLabs",""
"Applancer",""
"ApplianceWare",""
"Application Security",""
"Applied Predictive Technologies","$600,000,000.00"
"Applifier",""
"Applimation","$40,000,000.00"
"AppMakr",""
"AppointmentCity",""
"Appoxee","$25,000,000.00"
"AppRedeem",""
"Approva",""
"apprupt",""
"Appsecute",""
"Appsfire","$30,000,000.00"
"AppSlingr",""
"Appstores.com",""
"Apptera",""
"ApptheGame - Swoopt Daily Fantasy Sports",""
"AppThwack",""
"Apptis, Inc",""
"Apptive",""
"AppTrigger",""
"Appurify",""
"Aprilis",""
"Aprimo","$525,000,000.00"
"Apriso","$205,000,000.00"
"Apsmart",""
"Aptalis Pharma",""
"Aptalis Pharma","$2,900,000,000.00"
"Aptana",""
"Aptela",""
"Aptito",""
"Aptiv Solutions","$143,500,000.00"
"Apture",""
"AQS",""
"Aquafadas",""
"AqueSys","$300,000,000.00"
"Aragon Pharmaceuticals","$1,000,000,000.00"
"Aragon Surgical",""
"Aramsco",""
"Arantech",""
"Arbor Photonics",""
"Arbortext","$190,000,000.00"
"Arc Solutions",""
"Arch Rock Corporation",""
"Archimedes Pharma","$230,000,000.00"
"Archipelago","$2,147,483,647.00"
"Archivas","$120,000,000.00"
"Archive",""
"Archus Orthopedics",""
"ArcMail",""
"Arcot Systems",""
"arcplan Information Services AG",""
"ArcSight","$1,500,000,000.00"
"Arctic Silicon Devices","$12,000,000.00"
"Ardian","$800,000,000.00"
"Argon Networks",""
"Argyle Social",""
"Arieso","$85,000,000.00"
"Ariosa Diagnostics, Inc.","$625,000,000.00"
"Aristos Logic",""
"Arius Research","$142,700,000.00"
"Arkeia Software",""
"Armor5",""
"Armorize Technologies","$25,000,000.00"
"Arpeggi Inc",""
"Arris Networks",""
"Arrow Therapeutics",""
"ArrowPoint Communications","$5,700,000,000.00"
"Arroyo Optics",""
"Arroyo Video Solutions",""
"Arsenal Digital Solutions",""
"Art of Defence",""
"Artifact Uprising",""
"Artisan Mobile",""
"ArtsApp",""
"Artspace",""
"ArtusLabs",""
"Aruba Networks","$2,700,000,000.00"
"Arxan Technologies","$132,000,000.00"
"Arysta Lifesciences","$3,510,000,000.00"
"Arzoon",""
"Ascade","$19,000,000.00"
"Ascend Health",""
"Ascension Orthopedics","$65,000,000.00"
"ASDIS",""
"Asempra Technologies","$1,850,000.00"
"Asian Food Channel",""
"Ask.com","$1,850,000,000.00"
"Aspreva Pharmaceuticals Corp",""
"Assemblage",""
"Asset International",""
"ASSET4",""
"AssetMetrix Corporation",""
"Desk","$50,000,000.00"
"Associated Content","$90,000,000.00"
"AssuraMed",""
"ASTADIA",""
"Astaro",""
"Astech",""
"Aster Data Systems","$263,000,000.00"
"Asthmatx","$443,500,000.00"
"Astoria Software",""
"Astrid",""
"Astrum Software",""
"Astrum Solar","$54,000,000.00"
"Atakama Labs",""
"Atempo",""
"Athena Semiconductors",""
"Athenix",""
"AtheroMed","$117,000,000.00"
"AtHoc",""
"Atom Entertainment","$200,000,000.00"
"Aton Pharma","$318,000,000.00"
"atOnePlace.com",""
"Atrenta",""
"Atreo Medical",""
"Atreus Systems",""
"Atritech","$375,000,000.00"
"Atrua Technologies","$600,000,000.00"
"Atsana Semiconductor","$1,350,000.00"
"Attachments.me",""
"Attassa",""
"Attenex","$88,000,000.00"
"Attributor",""
"AuctionDrop",""
"AuctionPay",""
"Auctomatic","$5,000,000.00"
"AudioAudit",""
"AudioBoo",""
"AudioCaseFiles",""
"Audiolife",""
"AudioMicro",""
"Auditude","$120,000,000.00"
"AUPEO!",""
"Auspex Pharmaceuticals","$3,200,000,000.00"
"Ausra",""
"Austin-Tetra",""
"AuthenTec","$356,000,000.00"
"Authentica",""
"Peopleclick Authoria","$63,100,000.00"
"Authy",""
"Autobase",""
"AutoDa",""
"Automated Insights","$80,000,000.00"
"AutoMD",""
"AutoNavi",""
"Autoquake",""
"AutoReflex.com",""
"Autotask",""
"AutoWeb, Inc.",""
"Auxilium Pharmaceuticals","$2,600,000,000.00"
"Avaak","$31,000,000.00"
"Avaki",""
"Avalign Technologies Holdings",""
"Avamar Technologies",""
"Avangate",""
"Avanir Pharmaceuticals","$3,500,000,000.00"
"Aveksa",""
"Avenda Systems",""
"Aventones",""
"Averail",""
"AVG Technologies",""
"Aviary",""
"Aviate","$80,000,000.00"
"AVIcode",""
"Avid Radiopharmaceuticals","$800,000,000.00"
"Avidia","$290,000,000.00"
"Avila Therapeutics","$350,000,000.00"
"Avinity",""
"Avisena",""
"Avito.ru","$1,200,000,000.00"
"AxisMobile","$4,900,000.00"
"Avolon Holdings","$7,600,000,000.00"
"Avot Media",""
"avVenta",""
"Avvenu",""
"AwarenessHub",""
"AwesomenessTV","$33,000,000.00"
"AwesomeTouch",""
"AWR Corporation",""
"Axceler",""
"Axeda","$170,000,000.00"
"Axerra Networks","$25,000,000.00"
"Axiom Microdevices",""
"AxioMx",""
"Axis Network Technology",""
"Axis Systems",""
"Axolotl",""
"AxonX",""
"Azalea Networks",""
"Azaleos",""
"Azanda",""
"Aztek Networks",""
"Azuki Systems",""
"Azure Solutions","$140,000,000.00"
"Azuro",""
"B-hive Networks",""
"b5media",""
"Babble","$40,000,000.00"
"BabyCenter","$10,000,000.00"
"Babyoye",""
"Bacchus Vascular",""
"Backflip Studios","$112,000,000.00"
"BackType",""
"BackupAgent",""
"Backupify",""
"Backyard",""
"Bacterial Barcodes",""
"Bakbone Software","$55,000,000.00"
"Balance Financial",""
"BalconyTV",""
"Ballista Securities",""
"Bandsintown",""
"Simple","$117,000,000.00"
"Bantam Live","$15,000,000.00"
"Banyan Branch",""
"Barosense",""
"BARRX Medical","$325,000,000.00"
"Bartlett Holdings",""
"Bartlett Holdings",""
"Bartlett Holdings",""
"BASH Gaming","$165,000,000.00"
"Basis Science","$100,000,000.00"
"Baxano",""
"BBE","$55,000,000.00"
"Raytheon BBN Technologies","$350,000,000.00"
"BCD Semiconductor Manufacturing Limited","$151,000,000.00"
"BCNX",""
"Beach Solutions",""
"Beacon Partners",""
"Beamly",""
"Beats Electronics","$3,000,000,000.00"
"MANGLAM EDUCATION","$10,000,000.00"
"MANGLAM EDUCATION","$850,000,000.00"
"Beceem Communications","$316,000,000.00"
"Become, Inc.",""
"BEELINE Technologies","$21,000,000.00"
"Beepl",""
"Beezik",""
"Behance","$150,000,000.00"
"Behavio",""
"BeInSync","$25,000,000.00"
"BelAir Networks",""
"BeliefNet",""
"Bellwave Co",""
"Benaissance","$80,000,000.00"
"Benefitter",""
"Benesight",""
"Benson Group",""
"Benten BioServices",""
"beRecruited","$17,000,000.00"
"Bering Media",""
"Berkeley Design Automation",""
"Berkäna Wireless","$56,000,000.00"
"Bermai","$5,000,000.00"
"Besser Betreut",""
"BestContractors.com",""
"Bestofmedia Group",""
"BestVendor",""
"Retention.ai (formerly BetaGlide)",""
"BetaStudios",""
"Better Place","$12,000,000.00"
"Bevo Media",""
"BeVocal",""
"BeyondTrust","$310,000,000.00"
"BeyondTrust",""
"BiancaMed",""
"Bidstalk",""
"Big Fish","$885,000,000.00"
"Big Frame","$15,000,000.00"
"Big Fuel",""
"Big Six",""
"Big Stage",""
"BigBand Networks","$172,000,000.00"
"BigFix",""
"Bigfoot Interactive",""
"Bigfoot Networks",""
"BigMachines","$400,000,000.00"
"BigSwerve",""
"BigTent Design",""
"BigZop",""
"BillGuard",""
"Bill Me Later","$945,000,000.00"
"Bina Technologies",""
"BinOptics","$230,000,000.00"
"Bioceros",""
"Biocontrol",""
"BioFire Diagnostics",""
"BioImagene","$100,000,000.00"
"Biolipox",""
"BioProcessors",""
"Bioptigen",""
"BioRexis",""
"Bioscan",""
"BioSeek","$14,000,000.00"
"Biosystem Development",""
"Biosystems International",""
"BioTrove",""
"BioVex","$1,000,000,000.00"
"Biovitrum","$493,000,000.00"
"BiPar Sciences","$500,000,000.00"
"BitArmor Systems",""
"Bitboys Oy",""
"Bitboys Oy","$44,000,000.00"
"Bitdeli",""
"Bitfone Corporation",""
"BitLeap",""
"Bitzer Mobile",""
"BIW Technologies",""
"Bix",""
"Bixti.com",""
"Biz360",""
"Bizanga",""
"Bizo","$175,000,000.00"
"Bizpora",""
"Black Lotus",""
"Black Sand Technologies",""
"BlackArrow",""
"BlackLocus",""
"Blacksumac",""
"BLADE Network Technologies",""
"BladeLogic","$800,000,000.00"
"Blayze Inc.",""
"Blaze.io",""
"Blekko",""
"Blendspace",""
"Blink Booking",""
"blinkbox","$5,000,000.00"
"Blip",""
"BlockBeacon",""
"Blockboard",""
"BlogHer",""
"blogTV",""
"Bloomspot",""
"Bloomspot",""
"Blue Belt Technologies","$275,000,000.00"
"Blue Box",""
"Blue Lane Technologies","$15,000,000.00"
"Blue Ocean Software",""
"Blue Pumpkin Software",""
"BlueArc",""
"Bluefin Labs","$80,000,000.00"
"BlueKai",""
"BlueKite","$15,000,000.00"
"blueKiwi",""
"BlueLithium","$300,000,000.00"
"BlueNote Networks",""
"BlueRoads",""
"Bluesocket",""
"BlueSprig","$10,000,000.00"
"Bluestem Brands","$565,000,000.00"
"Bluestreak Technology",""
"BlueStripe",""
"BMEYE",""
"BNI Video","$99,000,000.00"
"BodyMedia","$100,000,000.00"
"Boku, Inc.",""
"Bolsa de Mulher Group",""
"Bon-PrivÃ©",""
"BONDS.COM",""
"Bonfaire",""
"BookFresh",""
"BookFresh",""
"BookitNow!",""
"Booklr",""
"Bookpad",""
"Bookya.de",""
"Boomi",""
"Boonty",""
"BooRah",""
"Booshaka",""
"Booxmedia","$7,900,000.00"
"Borderfree","$395,000,000.00"
"Boston Biomedical",""
"Boston Heart Diagnostics","$140,000,000.00"
"Boticca",""
"Boundless",""
"Boundless Network",""
"Boxbe",""
"Boxcar",""
"Boxcar",""
"Boxee",""
"Boxee","$30,000,000.00"
"Boxer",""
"BoxTone",""
"BPL Global",""
"Brabeion Software",""
"Bragster",""
"Braintree","$800,000,000.00"
"Branch","$15,000,000.00"
"BranchOut",""
"Brand.net",""
"Extreme Reach (formerly BrandAds)",""
"Branded Payment Solutions","$3,100,000.00"
"brands4friends","$200,000,000.00"
"Brandtology",""
"Breach Security",""
"Bread",""
"Break Media",""
"BreakingPoint Systems","$160,000,000.00"
"BreconRidge","$53,000,000.00"
"Brenco",""
"BridgeCo",""
"BridgeLux",""
"BridgePoint Medical",""
"BridgePort Networks",""
"Bridgestream",""
"Bridgewater Systems",""
"Bright.com","$120,000,000.00"
"BrightContext",""
"Brightkit",""
"Brightkite",""
"BrightNest","$6,300,000.00"
"BrightRoll","$640,000,000.00"
"Brightstar",""
"BrightWhistle","$20,000,000.00"
"Brijot Imaging Systems",""
"BringIt",""
"Brion Technologies","$270,000,000.00"
"Brix Networks",""
"Broadbus Technologies","$181,000,000.00"
"Broadcast.com","$5,700,000,000.00"
"BroadHop",""
"BroadLight","$230,000,000.00"
"BroadLogic Network Technologies",""
"BroadSource",""
"BroadWare Technologies",""
"Brokat",""
"Bswift","$400,000,000.00"
"bTendo",""
"Bubbly",""
"Bubbli",""
"Buccaneer",""
"Salesforce Buddy Media","$689,000,000.00"
"BufferBox",""
"BugSense",""
"BuildForge",""
"BUKA","$80,000,000.00"
"BULX",""
"Bump Technologies","$30,000,000.00"
"BumpTop",""
"Bundle",""
"Bureau Of Trade",""
"Burstly",""
"Buscape","$374,000,000.00"
"Business Engine",""
"Business Horizons LCO",""
"Business Insider","$343,000,000.00"
"Business Monitor International",""
"Business Only Broadband",""
"buuteeq",""
"Pounce",""
"Buysight",""
"Buyt.In",""
"BuyVIP",""
"BuyWithMe",""
"BuyYourFriendADrink.com",""
"Buzzmetrics",""
"BuzzTable",""
"BuzzTable",""
"ByAllAccounts","$28,000,000.00"
"Byliner",""
"ByteLight",""
"Bytemobile",""
"BzzAgent","$60,000,000.00"
"C-nario",""
"C-sam",""
"C9 Inc.",""
"Cabana",""
"Cabforce",""
"Cache IQ",""
"Cadence Pharmaceuticals","$1,300,000,000.00"
"Cadent",""
"Locately",""
"Cake Financial",""
"Calibra Medical",""
"California Apostille Services",""
"California Apostille Services",""
"California Apostille Services",""
"California Apostille Services",""
"California Apostille Services",""
"California Linear Devices",""
"California Stem Cell","$124,000,000.00"
"Caliper Life Sciences","$600,000,000.00"
"Calista Technologies",""
"Calistoga Pharmaceuticals","$375,000,000.00"
"Callidus Biopharma",""
"CallTech Communications",""
"CalmSea",""
"Calpurnia Corporation",""
"Calypso Medical",""
"Calypto Design Systems",""
"Cambridge Positioning Systems","$35,000,000.00"
"CambridgeSoft",""
"Cameo",""
"Camerama",""
"Camero",""
"Cameron Health",""
"Camiant",""
"Campanja",""
"Campfire",""
"Candescent Healing",""
"Canesta",""
"Canpages","$225,000,000.00"
"Cantametrix",""
"Canwest",""
"Cape Clear Software",""
"CapitalSource",""
"CapitalStream",""
"Capptain",""
"Capsule Tech",""
"Captivate Network",""
"Carbon Ads",""
"Carbon Black",""
"Card Capture Services",""
"card.io",""
"Cardiac Pathways Corp",""
"CardiAQ Valve Technologies","$350,000,000.00"
"Cardiocore",""
"CardioGen Sciences",""
"CardioInsight Technologies","$93,000,000.00"
"Cardiokine",""
"CardioMEMS","$455,000,000.00"
"CardioMEMS",""
"Cardioxyl Pharmaceuticals","$2,000,000,000.00"
"CardMunch",""
"CarDomain Network",""
"Cardpool",""
"CardSpring",""
"CardStar",""
"Care Team Connect",""
"Carefx",""
"CareGain",""
"CareinSync",""
"CarePoint Partners","$223,000,000.00"
"Carmel Pharma",""
"Carmenta Bioscience",""
"Carmine",""
"carpooling.com",""
"Cartavi",""
"Cartela AB","$616,000.00"
"CarWale","$90,000,000.00"
"CarWale",""
"CarZen",""
"Casabi","$1,950,000.00"
"Casacanda",""
"Casero",""
"CashEdge","$465,000,000.00"
"Caspida",""
"Cassatt",""
"Castek",""
"CasterStats",""
"Cast Iron Systems",""
"CastTV",""
"Catapult Genetics",""
"Catapult International",""
"Catena Networks",""
"Causata",""
"Causes",""
"Caviar","$90,000,000.00"
"Threadbox",""
"cCAM Biotherapeutics","$95,000,000.00"
"CDB Infotek",""
"CDC Software",""
"Cedar Point Communications",""
"Cedarburg Hauser Pharmaceuticals","$41,000,000.00"
"Celequest Corp",""
"Celestial Semiconductor",""
"Cell Again",""
"CellBiosciences",""
"Cellectar",""
"Celleration","$30,400,000.00"
"Celletra",""
"Cellfire",""
"Cellity",""
"Clever Sense",""
"CellPoint Diagnostics",""
"CellTran","$109,000.00"
"Cellular Dynamics International","$307,000,000.00"
"CellzDirect","$57,000,000.00"
"CELtrak",""
"Cemaphore Systems",""
"Centerbeam, Inc.","$22,000,000.00"
"CenterPost Communications",""
"Centive",""
"Central Desktop",""
"Centrality Communications",""
"CentrePath",""
"Cenzic",""
"Ceon",""
"Ceptaris Therapeutics","$250,000,000.00"
"Ception Therapeutics","$250,000,000.00"
"Cequint",""
"Ceregene",""
"Ceros",""
"Certess",""
"Certify Data Systems",""
"Cervalis","$400,000,000.00"
"CGI Pharmaceuticals","$120,000,000.00"
"Chai Labs","$10,000,000.00"
"Chalk","$23,125,000.00"
"Chalkable","$10,000,000.00"
"Challenge Games","$20,500,000.00"
"Change Healthcare","$135,000,000.00"
"Chango","$122,000,000.00"
"Channel Intelligence","$125,000,000.00"
"ChannelWave",""
"Chantest","$54,000,000.00"
"Chaparral Network Storage",""
"Charitybuzz",""
"Charles Schwab",""
"Chase Federal Bank",""
"Chatham Therapeutics","$70,000,000.00"
"Chelsea Therapeutics International",""
"ChessPark",""
"CHF Solutions",""
"CHiL Semiconductor","$75,000,000.00"
"ChinaHR.com","$224,000,000.00"
"Chipidea Microelectrónica","$22,000,000.00"
"Chipidea Microelectrónica","$147,000,000.00"
"Chips and Technologies","$420,000,000.00"
"ChipSensors",""
"ChipWrights",""
"ChipX",""
"Chirp Interactive",""
"Chirpme",""
"Chockstone",""
"Choice Therapeutics",""
"Chomp",""
"Choose Digital",""
"Chronicle Solutions",""
"Chronos Mobile Technologies",""
"Cibando",""
"Cibecs",""
"Ciclon Semiconductor Device Corporation",""
"Cie Games","$100,000,000.00"
"Cinario",""
"CipherTrust","$273,600,000.00"
"CiraNova",""
"Circle of Moms",""
"Circle Street",""
"CircleLending",""
"CircuLite","$30,000,000.00"
"cisimple",""
"Citizen Sports",""
"CitizenHawk",""
"Citizenside","$1,500,000.00"
"Citrus Lane","$48,600,000.00"
"Citydeal.de",""
"CitySquares",""
"CityTherapy",""
"Cityvox",""
"Civitas Therapeutics","$525,000,000.00"
"Clacendix",""
"ClairMail","$173,000,000.00"
"Clarient","$587,000,000.00"
"Claritics",""
"Clarity",""
"Clarity Payment Solutions",""
"ClarityRay",""
"Claros Diagnostics",""
"Clarus Systems",""
"Classic Fine foods",""
"Clean Mobile",""
"CleanEdison",""
"Clear Shape Technologies",""
"Clear Standards",""
"Clear Story Systems",""
"Clear2Pay","$375,000,000.00"
"Clear2Pay",""
"ClearAccess",""
"ClearApp",""
"ClearForest",""
"ClearMomentum",""
"ClearPoint Metrics",""
"ClearSaleing",""
"Clearswift",""
"Clearwell Systems","$390,000,000.00"
"Clearwire","$2,200,000,000.00"
"Cleversafe",""
"CleverSet","$10,000,000.00"
"Clickability",""
"Clickability",""
"Clickable",""
"ClickandBuy",""
"ClickDelivery",""
"ClickEquations",""
"Clicker",""
"Clickpass",""
"ClickShift",""
"ClickSquared",""
"Clinical Pathology Laboratories",""
"Clipboard","$12,000,000.00"
"Clipmarks",""
"Cloakware",""
"Cloakware","$72,500,000.00"
"Clontech Laboratories Inc",""
"Clothes Horse",""
"Cloud.com",""
"Cloud Sherpas",""
"Cloudant",""
"Cloudary",""
"CloudBlue Technologies",""
"CloudFloor",""
"Cloudkick",""
"Cloudmeter",""
"CloudOn",""
"Cloudscaling",""
"CloudShield Technologies",""
"CloudSwitch",""
"CloudVertical",""
"CloudVolumes",""
"Clouli",""
"Cloupia","$125,000,000.00"
"Clover","$56,100,000.00"
"Cloverleaf Communications","$12,000,000.00"
"Clusterk",""
"Clutch.io",""
"CMOSIS nv",""
"CMOSIS nv",""
"CN Creative","$50,000,000.00"
"CNS Therapeutics",""
"CO Space",""
"COADE",""
"Coalfire",""
"CoaLogix",""
"Coapt Systems",""
"Code Green Networks",""
"CodeEval",""
"Codefast",""
"Codenomicon",""
"CodeRyte",""
"Codesion",""
"Coding Technologies",""
"Cobook",""
"Cofio Software",""
"CoFluent Design",""
"CoFoundersLab",""
"Cogenta Systems",""
"Coghead",""
"Cognea",""
"Cognio",""
"CogniTens",""
"Cognitive Match",""
"Cognitive Security",""
"Coherex Medical",""
"Cohesive Technologies",""
"Cohuman",""
"Coinzone",""
"ColdLight Solutions","$105,000,000.00"
"ColdSpark","$15,900,000.00"
"Coley Pharmaceutical Group",""
"Colibria",""
"Colibria",""
"CollabNet",""
"Collaborate.com",""
"CollabRx",""
"CollegeHumor",""
"Collective Intellect",""
"College Nannies and Tutors",""
"collegefeed",""
"Collegiate Presswire",""
"Collider Media",""
"ColorPlaza",""
"COLOURlovers",""
"Colubris Networks",""
"Com2uS Corp.","$65,000,000.00"
"CombineNet","$43,000,000.00"
"Comixology",""
"commercetools",""
"Commerciant, LP",""
"Commnet Wireless",""
"CommPartners",""
"Compass",""
"Compassoft",""
"Compellent Technologies","$820,000,000.00"
"Compendia Bioscience",""
"Compendium",""
"Compete","$150,000,000.00"
"Compilr","$20,000,000.00"
"Complete Network Technology",""
"Compliance 11",""
"Compliance Assurance",""
"Composite Software","$180,000,000.00"
"COMPS.com",""
"CompuPay",""
"Comsenz",""
"Comtica",""
"Comverge",""
"Concentra","$1,055,000,000.00"
"Concept.io","$30,000,000.00"
"Concord Music Group",""
"Concuity",""
"Concur Technologies","$8,300,000,000.00"
"Conduit Labs",""
"Conergy",""
"Confirma",""
"Confluence Solar",""
"Conformia Software",""
"Connected",""
"Connected Corporation",""
"Connected Data","$7,500,000.00"
"Connexity",""
"Conscious Box",""
"Consera Software",""
"Consert",""
"Consumr",""
"Consorte Media",""
"Constant Contact","$1,100,000,000.00"
"Constella Group",""
"Construction Software Technologies",""
"Consul Risk Management International",""
"Consul Risk Management International",""
"Consult A Doctor",""
"Contact At Once!","$65,000,000.00"
"Contactual",""
"ContactUs.com",""
"Content Savvy",""
"ConteXtream",""
"Contigo Financial",""
"Continuous Computing",""
"Contivo",""
"Contrail Systems","$176,000,000.00"
"ControlCircle","$39.00"
"Conveneer",""
"Convergence Pharmaceuticals","$675,000,000.00"
"Convergin",""
"Convertro","$101,000,000.00"
"Convio","$293,900,000.00"
"Cookstr",""
"Cooliris",""
"Copan Systems","$2,000,000.00"
"Copilot Labs",""
"Copiun",""
"CopperEgg Corporation",""
"CopperGate Communications","$173,000,000.00"
"Coquelux",""
"Coradiant",""
"Cord Blood Registry","$700,000,000.00"
"Cordys","$33,000,000.00"
"Corechange","$3,600,000.00"
"CoreExpress",""
"Coremetrics",""
"CoreObjects Software",""
"CoreOptics","$99,000,000.00"
"Coresonic",""
"CoreTrace",""
"CoreXchange","$17,000,000.00"
"CoreXchange",""
"Corgenix","$16,000,000.00"
"Corimmun",""
"Corona Labs","$2,300,000.00"
"Corona Labs",""
"Corporate Lodging Consultants",""
"Hitch",""
"CorrectNet",""
"Correlix",""
"Corrigo",""
"Corthera","$620,000,000.00"
"Cortina Systems","$131,000,000.00"
"Corventis","$150,000,000.00"
"Corvigo",""
"Cotendo","$268,000,000.00"
"CoTweet",""
"Counterpane Internet Security",""
"CounterStorm",""
"CourtLink",""
"Covagen",""
"Covario",""
"Covario",""
"Covarity",""
"Cover Lockscreen",""
"CoverItLive",""
"CoverItLive",""
"Coverity","$375,000,000.00"
"Covestor",""
"CoWare",""
"Cozi",""
"CPM Braxis","$299,000,000.00"
"CPower","$78,000,000.00"
"Cramer Systems",""
"Cramster",""
"Crashlytics","$100,000,000.00"
"Crashpadder",""
"Creative Market",""
"CREDANT Technologies",""
"CredentialEnvironmental",""
"CreditCards.com","$145,000,000.00"
"CreekPath Systems",""
"Crescendo Bioscience","$270,000,000.00"
"Crescendo Networks",""
"PublicEngines",""
"Critical Therapeutics,Inc.",""
"Crocodoc",""
"Crossbeam Systems",""
"Crossbeam Systems",""
"Crossbow Technologies","$32,000,000.00"
"Crossing Automation",""
"CrossWeave",""
"OurExchange.com",""
"Crowdcast",""
"CrowdCompass","$10,000,000.00"
"Crowd Factory",""
"CrowdSavings.com","$6,400,000.00"
"Crucell","$2,300,000,000.00"
"Crude Area",""
"Crunch-e",""
"Crunchyroll",""
"Crux Biomedical",""
"Cryo-Innovation",""
"CryoCor",""
"Crypteia Networks",""
"CryptoSeal",""
"Cryptzone",""
"CSL DualCom",""
"CSR","$2,500,000,000.00"
"Cube Optics",""
"CubeTree","$50,000,000.00"
"Cucumbertown",""
"Cue","$50,000,000.00"
"Cumulux",""
"Curbed Network","$30,000,000.00"
"CURRENT",""
"Current Communications Group",""
"Curverider",""
"CXR Biosciences",""
"CYA Technologies",""
"CyActive","$60,000,000.00"
"Cyan","$400,000,000.00"
"Cyberport Digital Outfitters",""
"Cybersource","$2,000,000,000.00"
"Cybrant",""
"Cycle Gear",""
"Cymfony",""
"Cymphonix",""
"CyOptics",""
"Cyota","$145,000,000.00"
"CyrusOne","$525,000,000.00"
"CyrusOne",""
"Cytochroma",""
"CytoSolv",""
"CytoSport","$450,000,000.00"
"Cytovance Biologics","$205,680,000.00"
"CyVek","$195,000,000.00"
"Cyvera","$200,000,000.00"
"Dun & Bradstreet Credibility Corporation","$350,000,000.00"
"D2Audio",""
"Dabble DB",""
"Dachis Group",""
"Daegis",""
"DailyBooth",""
"DailyBurn",""
"DailyDeal",""
"Dailymotion",""
"DailyStrength",""
"DailyStrength","$3,125,000.00"
"Daksh eServices",""
"Daksh Infosoft",""
"damntheradio",""
"Dandelion",""
"Danger","$500,000,000.00"
"Dapper","$55,000,000.00"
"Daptiv",""
"DARA BioSciences","$20,000,000.00"
"Darberry",""
"Dash","$8,300,000.00"
"Dashwire","$18,500,000.00"
"Dasient",""
"Data Domain","$2,400,000,000.00"
"Data Impact",""
"Data Marketplace",""
"Data Security Systems Solutions",""
"Data TV Networks",""
"DataCert",""
"Dataflow",""
"DATAllegro",""
"Datalogix","$1,200,000,000.00"
"datango",""
"Datanomic",""
"DataPad",""
"DataPop",""
"DataRank",""
"DataSynapse","$28,000,000.00"
"Datria Systems",""
"Dayforce",""
"Daylife",""
"Dealer.com","$1,000,000,000.00"
"Dealer Tire",""
"Dealertrack","$4,000,000,000.00"
"DealPerk",""
"Local Offer Network",""
"DebtMarket",""
"DebtFolio","$1,200,000.00"
"deCarta",""
"Decide.com",""
"Decipher",""
"Decision Management International",""
"DecisionView",""
"Decru","$272,000,000.00"
"Decuma AB",""
"Deep Forest Media",""
"Deerpath Energy",""
"Defense.Net",""
"Definiens",""
"Definiens","$150,000,000.00"
"delicious",""
"delicious",""
"delicious",""
"Deltek","$1,100,000,000.00"
"Delve Networks",""
"Delver",""
"Demandforce","$423,500,000.00"
"DemandTec","$440,000,000.00"
"Demantra",""
"Demdex",""
"Demibooks",""
"Deploy Solution",""
"Der Grüne Punkt",""
"Derivix",""
"Design Clinicals",""
"Design Within Reach","$154,000,000.00"
"Design2Launch",""
"Design2Launch",""
"DesignArt Networks","$144,000,000.00"
"DesignCrowd",""
"Deskom",""
"Desktone",""
"DestinationRX",""
"Desura",""
"Detectent","$12,000,000.00"
"Develogen AG",""
"DEVICOR MEDICAL PRODUCTS GROUP",""
"DevZuz",""
"Accompany-ME Technology",""
"Dhingana",""
"Diagnostic Hybrids","$130,000,000.00"
"Diagnovus",""
"Dialogic","$35,300,000.00"
"Diatherix Laboratories","$50,000,000.00"
"DiBcom",""
"Dibspace",""
"Digby",""
"Digg","$500,000.00"
"Digiquant",""
"Digistrive",""
"Digital Fuel","$85,000,000.00"
"Digital Media Broadcast",""
"Digital Payment Technologies",""
"Digital Reef",""
"Digital River","$840,000,000.00"
"Digital Sports",""
"Digital Theatre",""
"DigitalPersona",""
"Digitalsmiths","$135,000,000.00"
"DiJiPOP",""
"Diligent Technologies",""
"Dimdim","$31,000,000.00"
"Direct Hit","$500,000,000.00"
"DirectPointe",""
"Directr",""
"DIREVO Industrial Biotechnology","$297,430,000.00"
"Dirig Software",""
"disco volante",""
"Dishcrawl",""
"DiskSites",""
"Dispatch",""
"Dispop",""
"Disruption Corporation",""
"Distech Controls","$252,000,000.00"
"Distil Interactive",""
"Distill",""
"Distill",""
"Distra","$49,000,000.00"
"Ditto",""
"Divergence",""
"Divide","$120,000,000.00"
"Divvyshot",""
"DivX","$323,000,000.00"
"DivX","$62,500,000.00"
"DNA Games",""
"Docebo",""
"Doctor Driven Systems",""
"DoctorBase",""
"docTrackr","$10,000,000.00"
"DocuSphere","$7,000,000.00"
"DocVerse","$25,000,000.00"
"Dogster",""
"DogTime Media",""
"DokDok",""
"Dónde",""
"Doodle",""
"DoodleDeals Inc.",""
"Doostang",""
"dooyoo",""
"Dopplr",""
"Dorn Technology Group",""
"Dorsey Wright and Associates",""
"Dot Hill Systems","$694,000,000.00"
"dotCloud",""
"dotloop","$108,000,000.00"
"dotSyntax",""
"DoublePositive",""
"DoveBid",""
"doxIQ",""
"Doyenz",""
"dPoint Technologies",""
"Draftstreet",""
"Dragonplay","$100,000,000.00"
"DramaFever",""
"Draths Corporation",""
"DRC Computer",""
"Drexel Metals",""
"Drimmi",""
"DriveFactor","$22,000,000.00"
"drop.io",""
"Dropcam","$555,000,000.00"
"Droplet Technology",""
"Drugstore.com","$409,000,000.00"
"DualSpark",""
"Dubizzle",""
"Dubizzle",""
"Duck Creek Technologies",""
"Ducksboard","$2,300,000.00"
"DuneNetworks","$178,000,000.00"
"Durata Therapeutics","$675,000,000.00"
"DVS Sciences","$207,500,000.00"
"Dwellable",""
"DWL",""
"DynamicOps",""
"Dynamics Research","$120,000,000.00"
"easy2comply (Dynasec)",""
"Dynatrace","$256,000,000.00"
